{
    "code": 200,
    "message": "ok",
    "data": {
        "header": [
            "工单号",
            "问题",
            "日期",
            "处理人",
            "处理时间",
            "状态",
            "结果"
        ],
        "data": [
            [
                "SH20240404002",
                "快递运输慢，无法查询",
                "2024-04-04",
                "人工客服",
                "2024-04-05",
                "进行中",
                "重新补发正确苹果品牌"
            ],
            [
                "SH20240405003",
                "物流运输慢，响应慢",
                "2024-04-05",
                "人工客服",
                "2024-04-05",
                "已完成",
                "重新补发正确苹果品牌"
            ],
            [
                "SH20240406001",
                "物流运输慢，响应慢",
                "2024-04-06",
                "人工客服",
                "2024-04-07",
                "已完成",
                "退货处理"
            ],
            [
                "SH20240412001",
                "提货卡如何使用",
                "2024-04-12",
                "智能客服",
                "2024-04-12",
                "已完成",
                "智能回复并确认"
            ],
            [
                "SH20240415003",
                "物流运输慢，响应慢",
                "2024-04-15",
                "智能客服",
                "2024-04-15",
                "已完成",
                "转人工处理"
            ],
            [
                "SH20240418003",
                "物流运输慢，响应慢",
                "2024-04-18",
                "人工客服",
                "2024-04-18",
                "已完成",
                "反馈最新进展并联系物流"
            ],
            [
                "SH20240423001",
                "物流运输慢，响应慢",
                "2024-04-23",
                "智能客服",
                "2024-04-23",
                "已完成",
                "转人工"
            ],
            [
                "SH20240426001",
                "物流运输慢，响应慢",
                "2024-04-26",
                "人工客服",
                "2024-04-26",
                "进行中",
                "退货处理"
            ]
        ]
    }
}