{
    "code": 0,
    "msg": "ok",
    "data": {
        "data": [
                {
                "value": 15610,
                "name": "线索量"
                },
                {
                "value": 4060,
                "name": "有效线索量"
                },
                {
                "value": 650,
                "name": "转换量"
                },
                {
                "value": 60,
                "name": "订单量"
                }
        ]
    }
}