{
    "code": 200,
    "message": "ok",
    "data": {
        "header": [
            "订单号",
            "渠道",
            "货物名称",
            "销售日期",
            "金额",
            "客户",
            "状态"
        ],
        "data": [
            [
                "DS20240403001",
                "线上商城",
                "苹果",
                "2024-04-03",
                "168元",
                "线上客户",
                "已发货"
            ],
            [
                "DS20240405007",
                "线上商城",
                "苹果",
                "2024-04-05",
                "168元",
                "线上客户",
                "已发货"
            ],
            [
                "DS20240406005",
                "线上商城",
                "苹果",
                "2024-04-06",
                "168元",
                "线上客户",
                "已发货"
            ],
            [
                "DS20240415001",
                "线上商城",
                "苹果",
                "2024-04-15",
                "168元",
                "线上客户",
                "备货中"
            ],
            [
                "DS20240415002",
                "线上商城",
                "苹果",
                "2024-04-15",
                "168元",
                "线下客户",
                "待确认"
            ],
            [
                "DS20240418001",
                "线上商城",
                "苹果",
                "2024-04-18",
                "168元",
                "线上客户",
                "已发货"
            ],
            [
                "DS20240421001",
                "线上商城",
                "苹果",
                "2024-04-21",
                "168元",
                "线上客户",
                "待确认"
            ],
            [
                "DS20240425001",
                "线上商城",
                "苹果",
                "2024-04-25",
                "168元",
                "线上客户",
                "已发货"
            ]
        ]
    }
}