{
    "code": 0,
    "msg": "ok",
    "data": {
        "dimensions": [
            "product",
            "数据接入",
            "正常响应",
            "异常响应"
        ],
        "source": [
            {
                "product": "2/15",
                "数据接入": 43.3,
                "正常响应": 85.8,
                "异常响应": 93.7
            },
            {
                "product": "2/16",
                "数据接入": 83.1,
                "正常响应": 73.4,
                "异常响应": 55.1
            },
            {
                "product": "2/17",
                "数据接入": 86.4,
                "正常响应": 65.2,
                "异常响应": 82.5
            },
            {
                "product": "2/18",
                "数据接入": 72.4,
                "正常响应": 53.9,
                "异常响应": 39.1
            },
            {
                "product": "2/19",
                "数据接入": 72.4,
                "正常响应": 53.9,
                "异常响应": 39.1
            },
            {
                "product": "2/20",
                "数据接入": 72.4,
                "正常响应": 53.9,
                "异常响应": 39.1
            },
            {
                "product": "2/21",
                "数据接入": 72.4,
                "正常响应": 53.9,
                "异常响应": 39.1
            }
        ]
    }
}