{
    "code": 200,
    "message": "ok",
    "data": {
        "header": [
            "序号",
            "信息",
            "系统",
            "时间",
            "状态"
        ],
        "data": [
            [
                "1",
                "网络链接异常，心跳失效",
                "供应链追溯系统",
                "2024-03-12 10:03:42",
                "异常"
            ],
            [
                "2",
                "数据同步任务，同步成功",
                "销售管理系统",
                "2024-03-12 09:48:02",
                "正常"
            ],
            [
                "3",
                "数据同步任务，同步成功",
                "供应链追溯系统",
                "2024-03-12 09:47:12",
                "正常"
            ],
            [
                "4",
                "数据同步任务，同步成功",
                "客户管理系统",
                "2024-03-12 09:46:32",
                "正常"
            ],
            [
                "5",
                "数据同步任务，同步成功",
                "线上渠道",
                "2024-03-12 08:53:42",
                "正常"
            ],
            [
                "6",
                "线路连接异常-网络不同",
                "客户管理系统",
                "2024-03-11 23:46:32",
                "异常"
            ],
            [
                "7",
                "线路连接异常-网络不同",
                "销售管理系统",
                "2024-03-11 22:16:32",
                "异常"
            ],
            [
                "8",
                "心跳检查-系统运行正常",
                "线上商场",
                "2024-03-11 22:10:32",
                "正常"
            ],
            [
                "9",
                "心跳检查-系统运行正常",
                "销售管理系统",
                "2024-03-11 21:09:32",
                "正常"
            ],
            [
                "10",
                "心跳检查-系统运行正常",
                "客户管理系统",
                "2024-03-11 21:06:22",
                "正常"
            ],
            [
                "11",
                "心跳检查-系统运行正常",
                "供应链追溯系统",
                "2024-03-11 21:03:33",
                "正常"
            ],
            [
                "12",
                "心跳检查-系统运行正常",
                "销售管理系统",
                "2024-03-11 20:09:32",
                "正常"
            ],
            [
                "13",
                "心跳检查-系统运行正常",
                "客户管理系统",
                "2024-03-11 20:06:22",
                "正常"
            ]
        ]
    }
}