{
    "code": 200,
    "message": "ok",
    "data": {
        "header": [
            "序号",
            "报警信息",
            "系统",
            "时间",
            "状态"
        ],
        "list": [
            {
                "num": "1",
                "inf": "问题描述问题描述问题",
                "sys": "OA",
                "time": "2024/02/04 18:00:00",
                "status": "处理中"
            },
            {
                "num": "2",
                "inf": "问题描述问题描述问题",
                "sys": "OA",
                "time": "2024/02/04 18:00:00",
                "status": "处理中"
            },
            {
                "num": "3",
                "inf": "问题描述问题描述问题",
                "sys": "OA",
                "time": "2024/02/04 18:00:00",
                "status": "处理中"
            },
            {
                "num": "4",
                "inf": "问题描述问题描述问题",
                "sys": "OA",
                "time": "2024/02/04 18:00:00",
                "status": "处理中"
            },
            {
                "num": "5",
                "inf": "问题描述问题描述问题",
                "sys": "OA",
                "time": "2024/02/04 18:00:00",
                "status": "处理中"
            },
            {
                "num": "6",
                "inf": "问题描述问题描述问题",
                "sys": "OA",
                "time": "2024/02/04 18:00:00",
                "status": "处理中"
            },
            {
                "num": "7",
                "inf": "问题描述问题描述问题",
                "sys": "OA",
                "time": "2024/02/04 18:00:00",
                "status": "处理中"
            },
            {
                "num": "8",
                "inf": "问题描述问题描述问题",
                "sys": "OA",
                "time": "2024/02/04 18:00:00",
                "status": "处理中"
            },
            {
                "num": "9",
                "inf": "问题描述问题描述问题",
                "sys": "OA",
                "time": "2024/02/04 18:00:00",
                "status": "处理中"
            },
            {
                "num": "10",
                "inf": "问题描述问题描述问题",
                "sys": "OA",
                "time": "2024/02/04 18:00:00",
                "status": "处理中"
            },
            {
                "num": "12",
                "inf": "问题描述问题描述问题",
                "sys": "OA",
                "time": "2024/02/04 18:00:00",
                "status": "处理中"
            },
            {
                "num": "13",
                "inf": "问题描述问题描述问题",
                "sys": "OA",
                "time": "2024/02/04 18:00:00",
                "status": "处理中"
            },
            {
                "num": "14",
                "inf": "问题描述问题描述问题",
                "sys": "OA",
                "time": "2024/02/04 18:00:00",
                "status": "处理中"
            }
        ]
    }
}