{
    "code": 0,
    "msg": "ok",
    "data": [
        {
            "name": "线上渠道",
            "value": 40
        },
        {
            "name": "客户管理系统",
            "value": 17
        },
        {
            "name": "线上商城",
            "value": 10
        },
        {
            "name": "供应链管理系统",
            "value": 20
        },
        {
            "name": "销售管理系统",
            "value": 16
        }
    ]
}