{
    "code": 200,
    "message": "ok",
    "data": {
        "header": [
            "冷库",
            "具体位置",
            "货主姓名",
            "水果",
            "品种",
            "产地",
            "规格",
            "吨"
        ],
        "data": [
            [
                "西安",
                "1库门2库位",
                "章三",
                "苹果",
                "晚熟红富士",
                "洛川",
                "85#",
                "20"
            ],
            [
                "行1列2",
                "行1列2",
                "行1列2",
                "行1列1",
                "行1列2",
                "行1列2",
                "行1列2"
            ],
            [
                "行1列1",
                "行1列1",
                "行1列1",
                "行1列1",
                "行1列1",
                "行1列1",
                "行1列1"
            ],
            [
                "行1列2",
                "行1列2",
                "行1列2",
                "行1列1",
                "行1列2",
                "行1列2",
                "行1列2"
            ],
            [
                "行1列1",
                "行1列1",
                "行1列1",
                "行1列1",
                "行1列1",
                "行1列1",
                "行1列1"
            ],
            [
                "行1列2",
                "行1列2",
                "行1列2",
                "行1列1",
                "行1列2",
                "行1列2",
                "行1列2"
            ],
            [
                "行1列1",
                "行1列1",
                "行1列1",
                "行1列1",
                "行1列1",
                "行1列1",
                "行1列1"
            ],
            [
                "行1列2",
                "行1列2",
                "行1列2",
                "行1列1",
                "行1列2",
                "行1列2",
                "行1列2"
            ]
        ]
    }
}