{
    "code": 200,
    "message": "ok",
        "data": [
            {
                "title":"陕西冷库1(吨)",
                "count":199
            },
            {
                "title":"陕西冷库2(吨)",
                "count":199
            },
            {
                "title":"陕西冷库3(吨)",
                "count":199
            },
            {
                "title":"陕西冷库4(吨)",
                "count":199
            },{
                "title":"陕西冷库5(吨)",
                "count":199
            },{
                "title":"陕西冷库6(吨)",
                "count":199
            },
            {
                "title":"陕西冷库7(吨)",
                "count":199
            }
        ]
}