{
    "code": 0,
    "msg": "ok",
    "data": {
        "xdata": [
            "35#",
            "45#",
            "55#",
            "65#",
            "75#",
            "85#",
            "95#",
            "05#",
            "15#",
            "25#"
        ],
        "data": [
            480,
            325,
            440,
            454,
            147,
            480,
            325,
            440,
            330,
            202
        ],
        "maxData": [
            600,
            600,
            600,
            600,
            600,
            600,
            600,
            600,
            600,
            600
        ]
    }
}