{
    "code": 0,
    "msg": "ok",
    "data": {
        "data": [
            {
                "title": "入库总量",
                "count": "123,456.70",
                "unit": "吨"
            },
            {
                "title": "出库总量",
                "count": "799,123.45",
                "unit": "吨"
            },
            {
                "title": "现库存量",
                "count": "456,719.02",
                "unit": "吨"
            }
        ]
    }
}